t,28,24,7,21,11,9,5,4,25,1,3,6,17,2,14,25,30,18,15,26
0.0,0.0,0.0,0.0,0.0,0.0,0.0,0.0,0.0,0.0,0.0,0.0,0.0,0.0,0.0,0.0,0.0,0.0,0.0,0.0,0.0
1.0016098022460938,16.676556051352296,15.142263033081736,4.538268074167511,13.164095310926916,6.841254283745707,6.045728262125641,3.237047738173286,2.507160567387902,15.296785642464526,0.6439167095388029,1.7967997045387194,3.8850201661837653,10.412394190175684,1.2829774380553227,9.568688767617493,15.973871696134063,18.392510593891988,10.76460712023621,10.144019828087988,17.129594498137177
2.0028164386749268,26.3839576028651,26.19304973815132,6.654992556830021,21.415707025325833,12.04440421749546,8.74411513321498,4.953557789261285,4.118635302124946,24.33496760789465,1.051720483125645,3.12106086918129,6.201178225190054,18.308721269928974,2.1075364575921136,13.432149819151617,27.10650305513518,32.758676012626296,17.12762671549011,15.01172366920331,26.793013360645638
3.0043864250183105,34.57221622114612,30.483736096399642,9.117847385677731,26.21487667763763,13.977640537845135,11.239801296540252,6.500997203276407,4.926340993904885,32.08577055800133,1.3148859910689954,3.587131768979496,7.245230706423827,21.529480210210327,2.4601850584584013,18.92043801445119,31.37732356675323,40.31992454933554,22.005893990861512,20.257848770024367,33.905611600645635
4.005716562271118,38.99437259052475,33.522728594560995,10.752922452625986,29.46741721639601,15.693835138290229,14.001049876093306,7.713310599915309,5.902981825507143,36.15492094682743,1.4935411245648655,4.234289239281739,8.284335309925202,24.22270532581773,2.8957394386493855,20.518252402997774,38.3048195297957,45.68962283689903,25.512997763133452,20.755759021583906,38.915378951981594
5.00663161277771,44.506681972609265,41.63393024190389,11.747657983046167,35.39187585788337,18.035171848462582,15.340406880027894,8.346209874888528,6.487179369455014,41.98174677148574,1.6504348962619535,5.147538575796494,9.34628585175312,29.867594508443258,3.467379864932591,21.730006078817986,39.12809657018964,53.402203896119374,30.503692810021374,24.422457427424266,46.489373660421336
6.007980823516846,54.29465687499532,40.24615405305705,12.976029900906056,37.504129921075965,19.759949145150298,15.171520125170746,9.602135026302113,7.453889126633592,42.47159253088406,1.672638563817714,5.177973019510853,10.201877257582627,32.900387588760694,3.8079126684725026,27.044636907368453,41.72942890193384,55.70611639423637,34.988471201397914,28.39556480293046,44.6542883314661
7.0090367794036865,57.56978959126639,47.30246465865181,13.11854757875939,40.84071185681307,19.76575875356088,16.175358363066373,9.947406259924865,7.886907762593327,47.48020672281171,1.9816280324554003,6.074751545082229,11.02556377822833,31.13716534312481,3.7134009483918655,25.69245055277215,51.28177950354942,59.56935468167848,33.8608039697446,28.801071849269427,52.47744070998395
8.01015853881836,59.67236964326942,49.6989251389389,14.447337462227079,40.00418386043044,22.464670683205817,18.087863075466142,10.646268393624776,8.173389656586071,47.784599857634184,2.128424346481071,5.663553675549127,11.599014443084602,34.73451761405956,3.905145037737753,27.409414781970018,54.7461802182028,63.55503958684859,38.14750474988916,31.396897793221648,50.121501451171376
9.011309146881104,57.62231430394545,55.13110906254665,14.53601780782274,46.56476284923729,23.855397175950404,19.74026438708563,10.587891420993992,8.292735886888645,57.09823110635164,2.1928087906239466,6.153140144655869,13.493888846249316,33.59110338637366,4.158318939898363,28.143267924313594,55.02195099349059,65.33872716239497,38.40893444113758,30.344439283746624,57.351120025352664
10.012386083602905,61.36426186698103,53.84988774421538,15.21267331274141,46.451284945618944,23.988613221595994,19.00064235613096,11.1604507312194,8.897508466925617,58.14479318074986,2.1897819340159157,6.487288984964805,13.230877109107254,38.69961122898734,4.1984273230446485,30.50750316077201,53.687039734893645,67.87649040442689,41.3397261840772,33.42400194989288,59.23306239224906
11.013771295547485,68.15890436708284,56.26167859236684,16.65180446984868,51.630021376246596,23.76340507000477,19.227647975727965,12.063551939533399,9.613377725840806,61.563122546994556,2.262448573206455,6.645234490693695,12.980607760935687,39.5675641684095,4.455451520057591,31.34806073443158,59.66947455222697,68.6639938576607,41.40686879466016,33.836139323181776,62.39421506864137
12.015029907226562,70.01302199463144,55.70721977606835,15.636254532788262,50.66133640556102,27.689275514044716,22.09870596540824,11.991262926662367,9.225071497174442,57.239368020183804,2.4114823246272112,7.626456444504898,13.915735388837021,37.619100341536516,5.008699890077496,33.27125415085125,56.10031396376352,73.48207151153213,41.34595853805815,37.159980201279495,61.91588248265998
13.016103744506836,69.23984091361324,56.509252767602185,16.763739386781918,51.63029090096422,27.071667296728698,23.63675543751875,11.947469299178067,9.442810267442585,56.81717194699224,2.425769794683425,6.97434511810952,15.159077991644287,43.849345367446816,4.724272433523566,32.542432717820844,64.61699993573569,70.03052044754638,44.959385434118396,34.16742928588293,60.950485942838796
14.017992734909058,69.83044602577856,57.95941065739692,17.66403852836731,53.284703320176206,27.8870408177116,22.799855705508374,13.002335272370383,10.447336039330256,58.137141735897956,2.333771736386135,7.907823415740244,15.249258103922385,45.787780595919614,4.868749976596396,34.73647296795939,67.37285335657991,70.93569928776711,48.0122584164141,37.77954804174275,67.05498833462748
15.019548654556274,68.42662604725219,58.72931027393272,16.958373403516,58.128241660977594,29.99636681274174,23.027534697645553,12.054740707423965,10.454797981644694,61.092190452989485,2.4917049635984325,8.274048097701407,16.042646502128285,41.620994131635946,5.019046356078526,36.46326407547261,60.79731099175134,73.4647246719178,44.15370845913122,36.70032143765696,65.8534187978805
16.020928144454956,73.215199714686,64.95136496128353,18.725095651737494,59.20864110342383,30.793776063910325,24.64606467142016,13.133754102661241,10.060166703890152,64.75091443858368,2.7734388011878055,8.084393373993603,16.069880781652618,44.46610825640328,5.2569550529492535,34.84506733699218,61.20837422192067,77.81375969250675,50.80590771430386,36.572786529367406,67.35586165079307
17.022393941879272,80.8031176461687,61.98887821147742,19.702382095644243,57.288447250601266,30.046098702107823,24.249515202265723,12.85137825873487,10.808122650074072,71.77080762612664,2.6330516331005227,7.971056070348566,15.885405145159739,43.011038073932774,5.770603086944372,37.964426370191134,62.94342723546093,81.02352826880293,50.98971080945028,41.419116018428745,68.94978251559833
18.023584127426147,77.5030206550288,62.9247758180402,20.500851492731687,60.66681980405725,30.17031973135926,26.416636540723875,13.576112770230452,11.470063116169085,68.83666341459073,2.8309019295878204,8.144597951001876,16.13094658807935,48.088881270258135,5.157841052734206,38.77709355594576,69.45475512831612,81.72002551835463,52.188195049017246,41.38520068289206,70.3713936054347
19.025080680847168,81.22996745632348,63.09422238842226,19.05618189310289,54.65648881551483,32.72585097521185,25.086695340484198,14.0949492359564,10.847092281051141,68.06962765442661,2.822784867752173,8.982718919573383,16.652820415725174,46.877461489453154,5.743586379970352,36.36211452734088,69.0213243699128,89.66278896280669,47.99852786874484,43.19131053951099,72.21175160953086
20.02638554573059,77.67215141556376,68.93983043967474,19.54464483147795,60.07041638180691,32.32526966428044,25.794548876480597,14.298840928386351,11.273323819898312,71.32500874223246,2.6367421021024704,8.548180975897964,17.700336669411506,49.062227082235914,5.458538189101415,42.5316773316311,74.78965987619098,83.25917060451756,49.396324530526506,42.454012620019704,72.65016338317353
21.0277898311615,85.9794297671303,66.77868765791735,19.541657804084224,60.12250554863923,30.120426050284664,27.793575244642504,14.035402005271866,12.096487313615453,69.35298155685656,2.657102161513474,8.42708516768928,18.336345459867914,50.004325372335,5.357511231326188,37.31518805729596,75.283537708602,84.15376703417634,55.51666011066022,43.62795524456812,69.9190995684821
22.02962636947632,87.66613887012012,74.06654542354511,18.881072357295505,61.33676345877642,32.422420091849645,24.39807969598279,15.092097387701255,12.256958506447305,69.88721102830057,3.038413074792516,8.361825556806732,18.631021351049288,53.17828417376705,5.494417657197677,37.80418452308294,72.26639181823319,83.93535805460915,50.2443445801351,42.55586556236244,79.54190810393997
23.03106927871704,82.10906509031578,69.50726398969344,22.221696754231182,63.87750159337707,34.75625220486964,26.40954373448738,13.880301668477726,11.223672235341391,73.20041990873005,3.0829340013411333,8.831661074316532,18.161262732126485,51.48860438992608,5.576228542457522,42.539628074417,71.51978041819613,88.05785099825341,56.672792375330935,44.519554868060595,75.30667757230445
24.032324075698853,83.54838724908515,67.96988809020651,20.34132318267171,67.42624803912021,31.01542719472655,26.447150087830522,14.148020847279719,12.491417970588348,70.14889235457615,3.0885876532614884,8.421570735828627,16.860648209620283,50.7615417010602,6.374576432683135,41.42698130513439,78.66840290740329,89.33978299047921,52.65348430558654,43.025689497896835,76.07168683712109
25.033424139022827,84.46373016081391,77.68443860405003,22.65205960340621,59.73375195961728,31.728329223398184,27.764837795251857,15.001938426232512,11.801823675675177,72.68970651546485,3.2452050446997562,8.785129125309675,19.414751189995297,54.41486406988991,6.180521579780889,44.31912533008919,73.68717278989901,85.87371750196944,57.34761904033045,43.55277143408514,80.27039522061486
26.035320520401,88.38980883998069,68.26676640076535,22.669091322979863,60.04844926809606,33.48010709492154,28.066202267439525,15.185517276151396,11.86037808825145,73.84410978187498,3.1541293832374278,9.334140267760555,17.33514626829969,55.353911942994515,6.5815492350622185,45.98469989575475,80.77440031485877,86.2285401841134,59.051345964493706,42.51195231347162,79.85436128037779
27.036449670791626,83.67528530886337,77.60152447675478,20.170433542885462,60.04069476139747,33.987961206883845,29.442603170360147,15.810816816914334,11.588574812399163,75.28339688657562,3.277959712249232,9.331951981412773,18.131118944617835,52.50052570222737,6.2080565056276855,42.017701358562135,81.25261766865742,89.79720909411996,54.6718346666761,48.70533053892593,77.23639863447515
28.03741431236267,83.48257832240678,69.63586503889142,20.556771971702034,64.66461658326561,35.344039467318154,28.939865065886902,14.902225619143321,11.98201527928803,77.71579249214206,3.2667999156120895,9.268524738948699,17.693135188253866,54.12388483452839,6.474874023228546,40.7421070550062,82.35710187601912,89.5384888950792,52.56965481648537,44.52331215010061,79.47905181115273
29.039299964904785,83.80203814848252,76.87520695167507,21.491079612447226,64.81476276393978,32.591918333332885,30.502916800415637,16.7897998348149,13.57868053025865,82.71645857666348,2.9243491270738318,9.114006478614263,17.77771871323734,54.962375948454714,6.179564623361581,44.263394518258515,84.5138757192969,94.21034742605886,53.66598314746148,50.99463822650629,76.84492433740681
30.04046368598938,88.0103529346433,70.6641234057928,23.313261736450205,62.02189247027376,32.58219107277174,30.438514808360356,16.68519843687827,12.565785470407931,74.54472522169972,3.386121150658731,9.5154889300303,18.061988615331032,53.71878724453977,6.779723860694149,42.78144977760345,78.9380460968559,102.03257656857211,58.42641277177007,44.527460800084285,82.356449691137
31.041861295700073,84.14868053440152,79.21519480264475,22.078776347276477,63.771057159616575,37.96708302140305,28.78458486701666,16.34175775020645,13.518675871120037,77.21908293199544,3.37045777386088,10.244153050932537,19.79949776292617,50.750150790483815,6.377767518464803,44.03632366206993,81.65986586369999,94.80796479440258,54.252116885143934,47.95365242534164,83.16832890344624
32.04336881637573,95.6926518676224,82.15588142297302,21.243267606369322,71.1765509026904,34.5966925439135,28.296080927778412,15.752556912345069,12.328702229182113,78.08462030351464,3.09665126632033,9.192809023322338,20.663117473877993,54.49642180522538,6.280576930303414,44.18194799840655,80.50702556637194,98.46162705003728,55.73312640358198,46.5058503129951,81.27755031645049
33.044315338134766,86.39020467678183,77.45905655101244,21.17191570179447,73.90165433205547,36.24681440029466,27.59871915618646,16.138985779523924,14.103444785141477,85.5643464919942,3.3074668315398834,9.821746822544771,20.27352086471535,54.070954585456484,6.983559130585986,48.82830441055394,84.58381435680403,99.23265146545539,58.36831604582129,46.661704495394375,80.40682972190466
34.04609274864197,95.41567363327343,85.12154725445195,24.70475568930069,64.95502343527491,35.77715756292978,30.83257400892675,17.156654725580065,12.346187690476555,82.29008401142993,3.4975440136338407,10.59144668748482,18.65378247651984,57.49278681307509,6.707319545164921,46.584095624778016,80.34596862203105,94.32314142408731,57.46085865179899,46.51281349979064,80.41712279383714
35.04725193977356,99.76291154967956,78.44924546354592,21.859706415691893,66.89956944534303,39.09457256631557,31.34671979144554,17.534109827911248,14.139195496832611,77.15659860164074,3.275449409094682,10.643645759260199,18.912731747845175,56.10710431840194,6.7568295740489885,49.52327387040375,83.00902319255465,98.07843934911122,59.671970296341065,49.98462854040173,84.97007516459998
36.04918932914734,95.90961157575632,74.72789879352524,22.558515663633916,71.43293431992336,38.617992995121725,30.817059571687018,17.101802830110923,14.3888660084945,84.0856229864811,3.138287651227229,10.404798532086721,20.00126565312874,54.28530121748473,6.340681638498753,49.316886722575184,87.8629650599279,104.65423735012487,57.85605912417723,47.35945276763501,80.55578506753807
37.05088448524475,93.0191556437851,79.55566351968632,22.923824696322885,68.88362657775552,35.65575439561497,32.40782615299183,17.269759973739458,13.843147089347378,83.17637285170065,3.2523379739667155,9.852660196885692,20.262789858415527,59.897611970911555,6.488571457272007,50.51650498163998,88.80527340972655,95.48217277836946,57.8845921915114,48.303269864575384,89.76346159236648
38.052578926086426,102.21563687449706,78.61334839594983,25.06877838256306,69.58390628875519,38.24537479615422,32.86002878030423,17.196041061526593,13.629766509393615,83.38997576418272,3.459496854073886,9.520140319544222,21.829686821760674,57.529741936592245,7.314638801556859,50.53679143601297,86.10368142613515,109.31434850435787,64.4863036304359,54.684205334867265,89.5237326720411
39.053609132766724,95.5256655131044,87.35689039200312,25.47250686636355,75.84324488442287,38.624044327764445,31.805240517893502,17.829080014008348,12.71488669608757,85.8404389236924,3.420716830443599,10.652405345648614,21.832167166618127,58.78567016581926,6.893412935998398,50.94911922173725,81.7081998229773,95.68093124500726,57.740121660819504,50.540415554677516,87.83751997567921
40.05501413345337,89.28446197551247,86.48435635660398,23.500326804216986,67.66007899410059,35.83209063885277,32.822350655000385,17.47386898813095,13.648258062030802,92.58069444558211,3.403987529031783,10.041159552709354,21.93415628566139,57.80197849400148,7.052468801848836,49.06093547825452,86.52135263765513,97.26251037860229,60.26766490874288,51.28771048033343,93.77659985488016
41.05651330947876,92.0684474076864,83.38809895562494,25.47435919194106,72.27222291810426,38.684135043818216,31.104955794893403,17.7951971568241,14.359594933582256,92.30488480066505,3.5445266423888357,10.354315535633758,20.94927137511478,56.19044372424684,7.130224740738906,52.08405352386229,80.66224694965278,106.77391168694588,61.50467114543399,50.704541284741666,89.20302470105482
42.05721187591553,102.82196906983366,89.87914519854841,23.622581243374235,78.52263744115555,37.360005499863625,31.23406053345484,16.670570277535273,14.502938773641633,88.90832339191124,3.6277849520537058,10.23098066927031,22.308366802987173,55.40253883024595,7.3502769442061835,50.37483659156897,85.0908662312678,108.94197670335151,62.129101763540525,55.70838050418392,93.5235554100833
43.058183670043945,97.3439925912585,84.77883731532611,26.404591478440818,72.10644695037556,39.02847085751626,33.52793754129807,18.033255975306748,13.343645165646281,86.28400104708192,3.5094755538434983,11.012017204679088,20.06954737116776,56.750306951129325,6.633066552158758,48.446341807164515,88.08777972974735,98.57365828294131,62.37472938474756,52.84372208878854,96.45678743051293
44.0591766834259,95.82388644134751,91.03244952276376,22.93422947067487,79.25833188775265,37.09426934598145,29.59286114859585,18.301288278419445,13.518231770097476,89.34900070764493,3.7270096392675773,9.83113744919673,22.497067809589804,58.861976833677595,6.840926501653613,51.76189143855368,83.62185944040415,109.50105566332816,60.96400156281347,49.238452819004884,93.90872963451433
45.060319900512695,106.31490974316603,83.50921815390521,26.110785128531777,69.77098561980095,41.75285135919235,33.718812704424444,18.808688342996383,13.840025548994811,91.64987650502337,3.4787115450777235,10.738934870591095,22.224816040661903,61.633698169223926,7.5041096563033225,52.09494952132275,90.53741875148432,98.69000479672646,65.61707171322529,52.47444199528688,95.16470279635915
46.061023473739624,99.30398777351263,79.83108313627925,26.57737933220147,69.5970171995405,41.2278062601935,32.513874416137725,17.378914337233528,14.230011964866547,82.8407190861749,3.4950511005584675,11.397648618910324,20.702828390046637,63.652390032289034,6.987828235108937,48.53882009051981,91.48307122899449,104.79941415317032,63.24833610953887,53.488483706034124,94.95617354068493
47.062756061553955,94.09956075651391,86.47463687773593,26.898282267580722,73.24667416355642,37.90988553641877,30.870093487536185,19.33440607943814,14.756114932315509,88.04244969651072,3.3464242782061704,10.274224695462651,22.51909709978471,62.591462525341164,6.9015934070518545,47.216619975297874,84.50928973525325,114.29042650118461,63.66735231844513,55.46092344564897,89.66858953366099
48.063679456710815,106.3291307577415,90.05240035202807,25.205693656607796,78.67588042399835,39.145866089449854,34.82810584634252,18.008599521199624,14.80024871381579,95.422405797622,3.729803357788517,10.356635857061168,22.588363829123125,57.133356703566605,7.7082924532583785,53.54031017033454,95.47027612929547,116.44196432425176,65.17687193729039,57.865846109859994,92.17087580060918
49.06545066833496,109.04080501433285,81.77680886628427,25.576582220077942,71.83267082907034,37.77641458299506,33.6247855329638,17.221236455055124,13.770118354457734,91.75072235330853,3.7139257166050617,10.82101590747507,21.567918584159276,60.11232418641082,6.881062333622231,47.43719144465983,94.94553397292452,104.41541048930218,65.11780433041534,53.22281944384114,100.3512059420814
50.06703281402588,103.74163549380538,85.16144623685243,25.799567620919905,74.63581556231306,43.000303608300236,32.161004071539224,18.931202244316474,15.161630644925284,95.46368513614627,3.575601398255472,10.196468734867002,21.902021527240446,58.477310196846396,7.080894917825401,48.283894060192004,88.59182747767066,115.39950642709081,62.009442480755034,53.92266869738781,98.7166320702337
51.06840372085571,103.07123942132662,83.94713063114064,26.251188431941845,78.93732300646852,42.89953366374507,31.748935337816985,18.279101700038943,13.722344355317903,91.54943745782316,3.522835975408228,10.205079509661797,20.56598965709998,62.260464261166064,7.559258293269525,49.47889181695706,88.6725133139563,102.00883495973964,64.35134864905362,54.326627965886466,92.5369705187271
52.069417238235474,100.84068599826844,88.2307686150883,27.301040571793333,79.03692642179684,37.98320711917119,31.129498604872545,18.859688083055705,14.61000732383126,87.74509394686037,3.5778063404410045,10.66574514635998,21.224601936110503,60.29505784679835,7.769715734426684,50.746675767763,90.41267675953908,108.4450453174087,64.60140154452863,59.24071956346079,97.47769279192983
53.070207834243774,96.59194090116749,83.79741547340598,26.137613349541798,83.29684850042908,38.9639179390807,34.96946732562677,18.596248365530297,15.631075720713854,89.1069324372064,3.442106779631167,11.504938886390118,22.272722413866592,58.60375271187521,7.403830110374696,48.644003238279026,89.30025044560396,109.8363441912721,70.17465434921823,57.70588899867852,94.34163017023866
54.0712103843689,96.79879909608556,91.7640139603911,26.578280255035924,80.80260490457358,41.897690459777586,31.19307135499835,18.245480625128355,15.495986003552511,88.78774435283994,3.7708058814896317,10.434398312482775,21.19959400231329,67.44966224687725,7.375241236986893,48.62302968779503,86.32105457944853,115.72324775341441,67.22472601988405,54.01674491916675,98.88458012003873
55.072731256484985,109.03026387411944,94.96946218444181,24.169188556722965,76.27903718382343,39.94460548399998,34.1684024095047,17.72039816664849,14.178352442493297,86.97605756896446,3.934098800634704,11.775096344697783,22.416956545824487,59.89258425714048,7.038128622836489,50.91410238005358,97.88625473736506,107.21947470252655,64.99437113236014,54.48179508426087,100.56680243287396
56.074562788009644,105.16228803804613,95.43075547101898,25.16518076806435,81.93686750785267,40.617996984203955,31.72724180953721,17.582635783289604,15.961800194605129,99.89334971908578,4.00357192784992,11.345206962800047,21.356269565781417,66.00396831138242,6.967980423460397,50.371510492062086,92.56423420308602,105.19010925711825,65.991619320868,55.800181604429746,92.58298617902813
57.07570171356201,103.00810882514095,89.79005247956636,27.619972293247088,80.49075822914924,41.36420845236895,33.40736624561,19.736611633798436,15.157143554814665,88.50586871811872,3.9387603196965295,10.587607695569085,21.24112657549963,64.86881057903994,7.45750871562972,48.795092450647694,97.46354324619335,104.43431303146566,69.21409362419512,52.22937908863378,91.60376387347559
58.07741951942444,111.10536893626872,91.99265709745488,25.769771633380362,82.54641026066217,43.72554765741703,34.88568263680578,20.060076811053655,14.03668044171747,94.26500746632816,3.83882148561577,10.609192508665984,22.668080456371733,63.93590303722124,7.167366647599181,51.52901005769316,97.96550321416689,115.15278607077077,73.25885272853704,52.57524256376678,95.02126069543885
59.078617095947266,107.64587379062691,84.37734538102822,25.547659188812133,79.30433619410238,40.66655285249427,33.58412294997408,17.78828858571625,14.76679583252299,98.21641849798645,3.5220902046297895,10.996656488740266,21.80739593720511,64.97909778886243,8.140212872980223,52.52217672333993,95.02138032960423,111.02994536700615,68.80673063992684,55.67071041527296,95.23776927874292
60.07982087135315,108.77764269398415,96.88819004142432,27.2378056276872,80.00592857577429,41.04566071554599,33.4702979044056,18.774474496823363,14.916633711484627,96.01401735353622,3.793080269468009,11.583514794246287,21.275344129990458,62.30682990596113,7.095198217297972,51.918693724557144,97.78415187679694,109.46315205584678,71.98587124480348,60.32208062725365,99.70150753465774
61.08123469352722,113.33917061739048,94.0613800885003,26.970133102717277,79.19660057255194,40.4712176821194,34.488308794117444,20.24128267011969,15.902105559174867,95.32126409739497,3.762837602400883,12.206308972050305,23.145650478115794,66.83295906012668,7.63702331275145,54.164239592599884,89.78381692994193,109.19051937217127,64.47765224463468,61.812018605672215,99.98736946358325
62.08277416229248,99.7200065661922,92.7019439670127,25.176237921810237,86.42198622626452,45.199550895625016,32.87156571648064,18.15371443194185,15.450411707341207,98.52582363538727,3.595603999001535,10.842288458092115,21.467393880937642,69.93537900465091,7.645339902099922,49.89319225807418,94.73214509197226,123.66566101608858,64.38515272180288,53.482441756469434,97.97775540896451
63.083982706069946,102.16438569514686,93.72168533039631,28.124934969529935,80.5754084168273,44.38671603745438,35.761989362041035,19.01561910068245,16.21185474559156,101.67557202599326,3.8906551608401116,12.140627258601215,22.84180132034918,61.34568113964966,8.290363294965873,56.460732596419646,97.35275991293885,110.537693079923,71.50103505701524,57.68323948482021,102.5244080368014
64.08523726463318,102.12031106957444,97.61117569615797,26.489551483894378,82.20953132363994,41.451671852225154,34.18561338279724,20.843662057964444,16.491041472118955,103.94903833398432,3.739496803728927,11.54006992267608,24.175282824200796,70.614954396972,8.249010633637115,51.004185189807984,93.9458801526486,121.944797395416,67.70165930314108,54.29732801509732,98.31232290111272
65.08655858039856,107.0194956656926,97.71503998840728,25.23761224655811,81.74798472166688,42.76690540292284,33.535210081123346,19.67312426887305,16.55644450428064,90.11610372154583,4.169842090813668,11.723732301798421,22.401167889627594,63.017041035412326,8.308808820120584,51.98525229972428,102.44083777619612,114.39235241367386,71.72859712627246,53.966519821580505,107.07539929245952
66.08772850036621,101.85439411264885,98.92235368880156,27.953728902780178,77.70719301045571,39.648017769181315,35.577828250842735,20.397042839999553,16.628234551222825,102.70399003205999,3.664270171241281,11.240125192118066,21.641607079919527,65.53887778407022,7.580028544923363,54.46529905028407,100.80071604872403,111.5214250865102,70.76340485949852,55.72697712381263,107.65881134777057
67.08900761604309,112.7565464048691,95.95260302542806,28.881482454519126,85.8430052816304,43.09075958682819,37.20203492236321,20.37598681872313,14.835685412369013,95.87372187899908,4.032349302533397,11.459467460816755,22.617484322449478,64.33876034683182,7.778427634805639,58.854035948994806,96.91474287204402,121.10202309142569,75.19451225342877,63.177604541366996,102.08263340289322
68.09038591384888,116.11946325842156,87.33667573659555,26.769869889178615,80.91507754922759,39.985844907749865,33.5598550602689,20.81546401665262,15.639454763862728,95.14162953406276,3.855907461592968,11.321341258155348,22.998110213478068,65.0892492487679,7.8489505258726,53.019909228352745,96.38887259581907,112.53821425172323,72.73930720208574,58.2505110100792,97.53431348207157
69.09124112129211,106.25206579827889,99.23267927301768,28.9515239924764,83.29244971358689,44.173710511798454,35.76938064667638,20.044893035844918,14.645622371525848,93.34738881843491,3.693855677658395,11.914304920190078,23.258667602881,65.76467098461758,7.907785079944117,52.16440695629344,102.14769876007844,122.66767923650916,72.33048506778442,55.19105600124396,103.68337450999105
70.0923900604248,117.564558308763,100.42400314618833,27.999958742649277,89.20086351564488,42.12332982767073,33.54820815385734,20.159357036589434,14.803786535559356,97.7067647612685,3.885086326075353,11.887863638542376,22.5218831161939,64.01899141295704,7.865479144026358,57.862287359675456,96.41797744712638,116.84942160294743,71.23551456601952,60.9225007282728,100.79727989243997
71.09408974647522,106.51427527907224,99.73637385856908,29.23089649870764,84.75448436865494,44.05810379454157,38.00174809458013,21.184052789437054,15.61209513718114,98.6826007399225,4.216882900150782,11.987751717664807,22.814510805434278,67.9776929928696,8.379948586274214,52.164021812038456,94.18975857597414,117.85275692761353,71.80922474191507,55.000734743786914,110.65762609852904
72.0958206653595,113.02212316577425,92.3696102094015,27.144023486978238,80.41709991107064,44.002681311544904,35.532497144733675,20.933510986701997,15.212182432731796,100.64989497525578,3.714029112104981,11.811598496978243,23.801411957100783,63.023090369106384,7.575886211628452,53.24783234268061,102.16831226806379,126.75035430106176,70.20073065044454,63.860208676202255,107.62182602486301
73.09764122962952,118.23110152747402,95.76026631336681,29.12007408385904,84.77713355572885,44.35906300208905,34.895027521125705,20.142620748002397,15.934379920414287,106.33638332557663,4.2226046170111475,12.890151482103901,25.760843502237492,64.07098300427928,8.41320378852879,52.04897229464972,94.65320959935723,121.31656619691692,75.8664448590902,55.81266579859211,105.80260961050679
74.09898543357849,104.20554621019517,95.8894197523166,28.340750803473128,88.15340596545101,41.587021652296414,36.170901137723035,21.443640100517225,16.96128282007167,106.39279975976366,4.072821969027591,12.795583228369328,25.1666151187497,68.55116234028256,8.094944092260732,54.05769975455723,97.87060391378445,120.81739707826658,72.73910800995517,62.36265331733756,104.3544596252666
75.10059022903442,119.32335061260055,91.34539382916682,27.782153177738106,88.0112702427498,43.06100844886303,33.819503510121635,20.88538161254321,15.110373878217645,100.08197902985681,3.7997794342477262,11.691921394438397,24.597160820845577,64.90218704746233,8.461019275191004,55.33048641865768,95.05508758654253,112.18391327259435,72.83126623085919,64.6891352630735,112.31971410755122
76.10183596611023,115.58252055349614,98.10745416648795,29.15544829113717,88.12161059108966,41.58519660087415,34.52014061666264,21.2083143947686,16.980092056845198,94.84563460890593,4.182297328929327,11.667254651413332,24.402990251797764,68.39299446682647,7.6416166316765555,55.19769531737456,96.58338463069866,112.44223466813887,74.29426215389563,64.77842858583197,111.60364685794566
77.1031448841095,111.02883678787404,99.94420730912137,27.753999873770482,81.05854679395911,47.75451064611616,38.709460653656905,19.80735301110746,15.163583070189329,108.8508106639068,3.7669540927162855,11.341890407180761,23.192704136583732,71.25626554138783,8.45818828851622,60.53071995998636,102.2754412000655,118.99525964430875,67.5337734029098,60.26086475450655,101.61103776576958
78.10465550422668,120.94927373318318,95.21700071688333,29.30980887876994,80.74870736477124,47.72552361896894,36.869444831124156,21.402491292960782,16.46780360526512,96.2357056838763,4.036734197992968,11.732264168120476,25.120578905257332,73.24623458619371,7.973883513999262,58.06247476135854,105.48818117592741,116.27832500636414,71.3296212232004,58.44993839152426,100.14236827180878
79.1056342124939,106.50535100258993,99.03489789521375,26.845319870058173,89.35717701017502,41.69199884170275,39.26501116353966,18.786872624978287,16.386026274803765,102.25337155319141,4.327370297871619,12.056165340005318,25.28901972931815,70.79604265334737,8.291194214693627,55.779590244941026,106.46433052403587,119.08463316923505,71.63874521013757,56.72239540786324,109.70363092458389
80.10745859146118,112.4103926964724,94.27218039055965,30.6385931252364,84.80500103735766,46.300754978054464,39.39861808197869,19.933802402987787,16.636205318962748,97.74757593013997,3.8819683414353077,12.644455808420101,25.217840796919027,66.38848149550425,8.241806578860682,60.30990766700776,109.57131262592772,121.96873014670477,72.17849336747089,62.674809085789015,103.07141809984627
81.10840892791748,122.49638674959174,95.54671778003947,30.04931755097026,79.81134400905843,47.69184667733936,35.01207967229671,21.64832695887465,15.65133795053217,107.32040164599486,3.9739505539578253,11.833468109909774,26.19604491862189,71.62157775836559,8.449688322918433,54.3945035825383,104.38799152686667,121.69095473327909,72.53255667586005,61.76848708904688,100.3526189102284
82.110027551651,114.42440592761704,103.55655906298011,28.644854559757572,88.0849196917856,42.433535644779525,37.337848246565045,19.226140816397333,16.860447625041342,98.37732869943356,4.211808940703412,13.083738037111972,25.403503897221462,71.86756636867905,7.845583775016887,56.393325239444316,98.17762833142821,125.70399965126497,74.11455990545294,64.77407376424681,106.02603543474117
83.11125040054321,109.08734561987264,93.19726377323515,30.41346781847788,82.38636432973603,47.53542238077098,39.096657216540116,20.946604323762482,17.014692725774857,107.99875770420972,4.175752676861083,12.668985493776793,25.953849739405943,65.22767689602225,8.5269736007015,55.80662064140735,103.60533200994277,121.6568744201496,69.71422200376755,57.818572132804604,113.33327974871204
84.11200475692749,115.5292419388152,96.02178221999687,28.250317915093014,86.36363847426364,44.70356156622106,35.842858268038555,21.828024248050998,15.236936768020243,97.18270331422048,4.275843370830095,11.950593074841576,23.06119289083486,66.14671084214108,8.419247796965541,61.160768145980796,106.72236028077315,122.48036562051776,71.59066825340749,60.946157693801595,112.6394266559565
85.11374282836914,116.40429059457024,98.97879796348106,27.178206734296886,92.27721202226711,43.64312807906676,35.50352851009303,20.527170768836204,17.69861160745263,101.86529529187726,3.879436153391903,12.78916810006685,24.772803070149667,66.69942381311583,8.25078279048669,58.965501562260094,108.14045071968408,116.34219189068008,71.97041316306507,64.77495008978734,102.04357975231017
86.11518669128418,113.32170864395765,100.28545071268759,31.257292056613142,82.04611509198538,43.69562876364796,38.25531899190879,21.449195521484757,17.12325876172658,106.11977128031334,3.8400968281993104,11.615396952761923,25.100658709824305,66.3178482963658,8.909902162135035,59.26450922363994,95.98778603834414,120.59166281057945,79.19171288768372,60.8125842568253,109.13158735131405
87.116379737854,112.25881220417001,95.16088982971216,29.313438654818178,90.3881058717341,46.204930783523025,35.12637917238614,20.691294592804887,16.2613684670992,97.90085904265368,4.0417093779869395,11.69688484462245,25.481501965213226,70.82985368097494,8.312795219231536,60.68945853816604,101.11081399638434,123.20655378798757,76.67004156893698,66.05803047183865,106.13341507663634
88.11792755126953,114.01118375071783,104.92014772436622,27.60718356956355,80.8823435513413,44.36551966151228,37.618446997180556,22.28223356848371,17.280443477542406,107.09870997906465,4.08312134209963,11.902478300807008,23.609514181738394,74.65506835214326,7.803512266962028,61.85682752953079,101.93204063235916,130.61819192089695,70.26318614935954,61.40963520431927,108.08173347661828
89.11935758590698,116.5819567941114,92.84945103434362,27.8943923142314,89.24267330804246,43.94095772621779,35.69569834515787,20.610903609477198,16.756766285940568,98.63556592461427,4.2982496056599775,12.663277623831396,24.06326086735093,71.67357106284713,8.79790869055803,59.552602257641645,106.31483643581109,134.7991553146293,75.00578159318452,59.053135961503536,109.12113400241115
90.12047529220581,117.94638530561481,93.09233338447132,27.721725031212713,93.5155100866272,49.60837989315436,37.754315395398336,21.206723524762605,16.146759348503828,103.05103704222635,4.291622888097218,12.431633753485709,26.83625816795898,65.84181793649546,8.59502250602526,57.560039175262794,97.33343870163421,118.24005798103643,77.03388263776239,64.38995326605722,108.35872290709649
91.12127137184143,113.21474651529952,102.11333590310832,29.376613077963007,84.34694651346932,46.27738170874473,37.80178659577679,20.66910104894502,18.055398681118387,101.9742767431831,4.034534768188519,12.121201168728891,26.801893950895163,67.74337177603373,8.336580031660862,61.11930001321308,102.10849926048182,128.9517858304424,78.58683596783726,62.66302181386828,107.64365948597836
92.12205934524536,124.4458028269993,104.31080939523177,31.433922683098757,92.95723554727593,43.303632028186406,39.38770525048371,20.62675429015116,17.649620491346894,107.78440399883179,4.210110857480579,12.475963734423528,24.936153327551143,74.87859433844199,8.43721794775471,54.450369426672886,98.0836935056402,128.27060119570868,74.06630699238158,62.72061315534427,115.23036311433398
93.12355422973633,125.41153102168599,98.2192458633732,31.22420328228927,93.20101674345683,49.195453185025784,36.711413108119054,21.09289322281119,16.31215922730696,110.22154944172216,4.3122824487952895,12.502283957626487,25.136515885134006,71.59852246477058,8.949743149295983,58.34146172525866,100.52529663629863,123.18262123855827,71.67503013665576,59.03605256839732,111.75632858007468
94.12466096878052,118.34891879821691,94.49265005806816,29.691939328469637,88.65611470997831,47.183048366053434,35.186964156046706,21.320255307157968,17.413188351951188,106.66056756335726,4.145718237156122,12.218147165067109,23.565561153753237,76.02397964927611,9.052045082488618,61.83359194792784,98.63295808102835,131.13990305759418,77.3421730740419,65.68907648802738,110.52056957588925
95.12571930885315,111.85295493427948,108.7663568494841,29.44690058807655,84.33055730932782,47.44972180697943,35.34213606931563,20.848814809035378,16.44386407816847,102.17177586092332,4.495319319149162,13.641818465841842,23.86980075086325,68.28291541355547,7.85760743575821,57.96775635912907,111.83463654048103,121.61726342926536,74.22772909486498,61.81408232171072,118.64117796355895
96.12763977050781,119.18770491525763,107.2454743101692,30.371600305621246,87.32759058231352,49.58487668696848,39.68406924097348,21.959652704379973,16.003975137181413,112.06984032258654,4.1627357147605615,12.323883770892929,26.68877923185794,68.91542786334529,8.994380874422824,63.76135536899555,108.2168773211032,126.74619305645392,81.13170694406907,60.10389592768546,112.86557612865447
97.12931203842163,116.09296639901932,109.65691558037516,27.582709667590844,85.78901335476053,44.12394227947516,40.55748906978772,21.270041199145215,17.87374032764446,107.17934548523604,4.51422435845587,13.682828743986791,26.96228365434927,67.10903304707912,8.32331012887394,57.40838278419421,104.25469873554643,121.60347949733386,81.35117117082709,64.01719970849143,103.6736168295909
98.13236999511719,115.87241677063264,109.92052088501475,27.831947446964328,95.85597879666047,46.41251078226012,36.1751275703768,22.755153219327145,17.394670067571173,111.17321169259996,4.343219241518911,13.310900550070789,25.7370072431093,76.50022098455793,8.933351684502265,55.5583333057642,112.77631358853854,120.05675128441123,81.84401665865524,59.38087998720403,110.75493049177452
99.1337878704071,125.16428746410006,97.57256211640448,32.07153832120971,88.07694935334477,45.4019330739968,38.25450781702019,20.074818032310134,15.876276552887726,98.76243368178352,4.552290871589281,12.876703716216056,27.446494535218864,70.67275308303586,8.697777086968019,64.04584683108347,106.25428739201325,127.41744181324214,76.59683267861136,68.12146453838912,115.98963429490125
100.13477635383606,113.89910914868962,96.22017767686397,29.984437981514215,84.50215617822599,43.906625727862135,39.01818553464283,21.29450942460273,17.75303781524686,102.50831693277567,4.190624268276511,13.446973122898457,26.69127339035638,69.64745587884843,8.46141376275209,63.904752472796076,105.70006409260215,130.6872337661957,79.65672764186756,64.52482108963908,108.19938632573566
101.13659024238586,114.60887641552623,101.2122709938446,28.946167836322356,83.77058278242667,45.30513705942866,38.82656666898131,20.687322061959684,16.01215323998419,107.83475482443987,4.585965588286328,13.466750655961922,25.124482883919345,76.51716971993524,8.356483347605558,59.41265492329092,114.77441384208474,135.87248300348446,79.59954659644166,65.53790070362577,119.27914006043027
102.13876342773438,120.07953233032846,107.68804594623904,31.823482388009023,83.57278304648302,49.97874233774876,37.53676034477903,22.199571996421128,16.968501760112538,111.31959312988621,4.119672799886051,11.980112135016638,27.18972249847409,68.26476614107634,9.09449734887445,63.96076980429501,101.00991305176805,122.04555099211748,73.97380467752495,65.1027423672754,103.54478460115867
103.13985180854797,118.72476490778749,101.62528360835634,28.865961958340456,84.02432199066428,45.22221867954494,37.417124308302725,22.78419788793062,16.496245243091014,105.81911890959036,4.462040834227537,12.427532226249733,27.685626974315998,71.61936656528152,9.253298808448372,58.8277394468296,114.37435901469952,122.74426255168109,78.36014553837838,64.90215444802894,112.84176572880878
104.14135432243347,124.28688653828343,104.82118280913359,29.54680006765242,95.72314593166936,47.84099570308721,38.708544163711565,23.249907205809908,16.816304039661855,110.14020084781002,4.01845952341103,12.082312431801691,26.555088392604596,77.23352325351425,8.09847324441195,56.647045352742886,103.39042940959065,125.29968392287138,74.6550180430191,60.32501903274423,114.6053990934374
105.14316630363464,121.80692912447692,98.71429945198314,29.693769466150716,95.65206215556871,49.81595234137654,41.8314787296672,22.58655894904403,16.969701726270866,116.21834486555572,4.341242727348466,12.21556765847084,24.44633852998723,78.75268902194655,8.912431067707354,64.34853956901318,102.06758048746244,134.87136202016492,75.73990845025811,69.25108540546101,113.72857557116754
106.1440761089325,127.01180202985748,98.7443965761383,32.4597617661718,95.08893298277805,44.33221007637561,37.36642140045227,22.888145094598524,17.15320647974791,116.16174668010389,4.477854094490113,13.101915844885971,26.16718558442702,74.89175150307457,8.590836665535452,64.91184685412861,106.35783744487892,128.84045408134543,75.30137616812809,65.58384847302652,104.47826047366338
107.14563274383545,121.5709734495293,108.99631752942824,30.01080544118318,97.83889226541282,48.773985544996776,38.33054497715426,21.052680902387205,18.04997343071031,113.07407017347063,4.218796902511563,12.469367611531647,24.366366572980517,73.30955707630294,8.360418364353537,59.56957777356663,109.83357665167138,136.99211215477695,72.67952550514619,61.30433166476207,110.93369938642677
108.14671301841736,122.24736628875606,112.3798498352207,28.859662115363367,88.32603737457121,46.731752262738205,39.4479324455046,22.798552467728623,17.259775455964363,101.13301344935853,4.450755379850125,12.462699392171471,27.233147643950012,74.4507303509623,9.179269496874321,58.96670472240522,102.8589709515375,138.16239980124726,73.36086397261222,66.10566488007046,109.54128009358483
109.14836764335632,115.30763941906756,99.07361046804739,31.1065842360222,93.17700179982728,50.32103260051463,36.39043310606955,22.110825986592637,17.832351968688958,105.32442870291388,4.344440634768368,13.64786920067302,25.350575987316752,74.00845429899907,9.31820271589571,62.95638944082644,115.28081564335707,140.72701759524338,77.49003777431703,70.00255733170486,106.6166084426288
110.1500153541565,126.96569264781871,108.399654913783,28.88927125333182,87.74838747696252,44.72883342456259,39.84037514649764,21.809321126755158,18.741035762652995,113.20914287130948,4.089174471135476,13.572739867653436,26.418701900035867,69.04330865989884,8.11911549428245,64.28231600271269,114.97179634587849,125.70953486030885,82.52371485398294,66.64005823704193,105.14825264810189
111.15191698074341,115.6540058349447,110.70094727462167,30.50736675410736,93.66126142125565,47.78352206650625,41.03064567974961,20.991528372566382,18.808736669280993,113.42488981593792,4.606352225524256,13.87323412325321,24.288040997405073,75.19525044512238,9.113603547997988,59.65220077506736,102.83867233521066,131.26971596723087,77.71594735750308,68.63554585790767,109.89410457919811
112.15452313423157,129.2697007178868,105.0499339970457,32.80918281852683,87.39213697960106,45.8573178644825,41.99714402163507,21.103814364044318,18.82250725852538,114.81146479263869,4.621698207864518,13.34394601010194,26.18804612374359,71.2581452949521,8.509237278446825,57.54168494235319,115.65574521853941,127.49005729502987,81.18474989041997,70.29337989797018,106.0490603301416
113.15598797798157,123.42663502106711,101.73548371923648,30.699653554136347,85.41473056146324,48.61951804808313,38.207741568408345,20.579725534265002,17.73589034698076,103.6656015988834,4.118049194531323,13.399686081146323,25.019793196666363,76.64653788763562,9.257374197119699,62.713741627745776,109.53186624637372,136.20386682223688,77.23039202330699,69.27464047421024,119.70215541198881
114.15773153305054,132.01392196156692,99.55885986168552,31.07919423052533,95.27933971062218,47.496388371984914,40.35023093522532,22.428420621024866,16.49116503389705,114.53749622416608,4.379364695786935,14.221837908143623,27.043303022103636,70.50834440120093,8.947913581262561,64.9991322968824,115.92873469212645,130.5586318396409,74.31795826468904,64.27972049198098,108.75323543602894
115.15949511528015,124.82735650838002,104.2766759441888,31.67333204443695,93.64550229423845,50.19926031483936,40.877361161325844,23.24779090987938,18.49529788969253,103.7233371256629,4.208226402537642,12.326989295585276,28.492419888892215,78.7015749668094,8.204570216787321,66.34994554332773,103.81592031348269,134.78779968183417,73.54088989594928,69.53028802775704,116.93568601399477
116.16034483909607,131.942302346777,110.07162541075105,29.37537573248546,96.13977155316586,46.46723515827977,40.73608200079715,20.641480427706284,17.673811106263802,106.2709303187936,4.648276457216693,14.202598223053537,26.91258605998641,76.59231918565959,8.976643054116213,61.81536393780783,105.0115618284862,133.42557924078432,78.21465420497717,67.97531634633583,107.21749256752251
117.1612823009491,127.50490400474727,98.87827422470671,30.627078096315746,87.21668193990054,50.48180824974171,38.6591728294034,22.89542671616531,18.975707981249588,104.64869678297337,4.277439392986911,12.587952112744357,26.600371314515634,80.71212588702566,8.453406971586698,61.401534207509435,117.24657714370538,127.84097561815214,82.34889226451567,63.32434147797131,115.32782396542048
118.16307950019836,126.0960150989239,101.0604915090506,30.40485408821105,90.24946041528325,49.64856745635636,40.913715015207686,22.47680073073763,17.433050781907305,104.00150595712783,4.35218641953706,13.066444465941732,25.0374299892464,72.8727991882622,9.502175092417307,66.13922670762773,113.963721679437,124.52340801785964,75.4416461093498,61.86530860784124,106.91432059769579
119.16438436508179,115.64381190270485,104.81962394448023,29.572589353275912,97.70567431829296,46.98071024666835,39.186293111300266,22.80773968176705,18.51011412403992,115.93320104659566,4.425814107731626,13.332546038510502,27.879904098831435,69.9174143332459,8.528012130968193,65.43751820253298,107.00778741377202,125.25098226900934,78.76960359768363,64.26440974140884,120.37848801079824
120.16553616523743,122.37571563110758,103.42633894828445,29.610542847631546,93.33273496114602,48.79625283358228,40.559804079778765,21.209431271342392,17.506562106479503,108.41906634780034,4.577248403544929,13.964254529935422,28.460112945013815,79.04694087655683,8.605675025348976,59.49877781727836,114.90569286965001,132.7716896418839,80.33610265267649,69.88173601607527,111.18459226634228
121.16752552986145,121.95756460951104,110.2065732584862,32.92345751445699,87.89965630765766,49.576428786884854,40.6598386882981,22.950449854686017,19.136974821728593,105.76038562819839,4.287668056327364,12.774000007069782,25.606899522970018,70.03907156317293,9.187801595351672,62.67713394598216,105.78119084226132,127.76537268472933,80.32899767596912,64.03387326316658,107.21269144556607
122.1685881614685,123.61090632970784,105.893617825765,30.136228036392403,87.32554699991643,47.23424120686984,38.50101850222741,23.689127653506493,18.74361051630199,118.02960971707434,4.6113999455809,13.703404527434076,25.950015520840484,71.91157340903696,8.299541547501052,61.408109094787775,118.5590452954932,130.12848485750357,80.61148005987448,63.350684615573115,107.74731126859389
123.16983532905579,120.97475930984288,106.47316803728312,28.97819679848067,97.48704230020692,46.213861592535245,41.414492712361266,20.92175378294514,18.52824716249262,103.47865019725127,4.798860353703019,12.724269136038377,27.393052728381573,74.80088697690732,8.51104580267656,67.44716695078455,118.68349369700796,139.4403087715578,75.42665759095348,72.1323517626117,111.69546670219349
124.17128086090088,126.50803806441552,104.59510115894435,29.175321535548203,100.83225889430112,45.84497817008505,40.34684782925761,23.24243639714817,17.303360443888383,119.10204773133133,4.539854507636536,13.22698194561197,24.88838611501097,71.49178288675171,9.211855472126734,63.88532021819405,117.1913290997569,138.35993675477906,82.31871031876264,67.95536305112999,116.32671773371494
125.17299890518188,133.31349279266644,109.52326021764199,30.052349098136425,89.20073989121606,48.197374588802454,38.303306923811185,23.970049371455328,18.776263353878335,106.92129441147105,4.782404163169197,13.65163093043893,28.856034296303566,72.42074211103304,9.11426595249147,66.13101284227739,118.97638283371123,130.0229577475312,80.57300884101905,65.71083077237975,124.18130863634612
126.17461442947388,121.78022090293358,108.54739321629484,29.76310166939542,99.63045157447971,52.625189505738156,41.53366585430248,22.71524761443847,18.775892264177873,109.6454277018154,4.247009705485992,13.911819234508586,26.004677779086233,76.12755434908438,8.88347017547585,63.34682081954326,111.69601830016015,135.72463734872701,84.90116281739354,70.10146448199247,115.51004116450032
127.17578768730164,126.65766001628434,110.73686864652666,29.82484370418944,96.04287572791164,49.02271092691073,37.80169191175239,21.23158815890639,18.959426610639845,112.28192529472612,4.8175914543080856,12.934450383168109,28.447866854653757,77.5574081540178,9.123739466785558,60.90061354734211,117.13579941002625,127.48431158619208,82.98779929460095,70.74508643381215,112.64054044405616
128.17741894721985,121.92771299417942,103.58716253025742,32.5287039409292,99.07929959868636,52.46876825258176,42.36840795611768,24.00340086898621,17.547283755445527,110.75819307233826,4.500273943692643,13.38856001883714,27.649877559389882,70.9961404104295,8.468495963376421,64.31873477314318,112.72601397938477,140.91266222958967,80.94197281205388,65.3324399648408,121.7932783020626
129.17923426628113,130.99996525728687,104.31111516111147,29.59853524398591,98.86984924488634,46.68133541083383,37.68223618681092,24.02953783957313,19.46750916256048,106.24282728565144,4.284769387697607,13.156033273570873,26.10200652685403,75.8949744830694,8.881480771955093,65.99112078102772,106.08015813936018,142.7127207823638,86.59237690640289,65.62625185084373,119.92338752267403
130.1800456047058,121.32753043665164,110.12326913376502,29.887681388878317,89.08493581590868,52.80014973662754,42.44309067068248,23.78710647732625,19.250116777317647,115.53535902734438,4.672685238469322,13.795149413668327,26.882295463631664,78.49743497789545,8.490240389680013,67.77366905661944,107.77979683088147,140.03661754294401,78.48939536316779,64.6568716083771,116.91533085189307
131.18164134025574,121.28256010373293,108.85687653619947,31.720437882507348,98.81746528619827,53.541784000847905,41.50342553176471,23.19303171157682,18.35774808021376,117.8778091970297,4.654976967168032,14.110967126057549,28.797800607566256,82.42020279409446,8.616172915557906,65.99687334939532,120.37102191995302,145.72711236788126,86.6962083558736,70.24428546744576,112.93372360843105
132.18312406539917,132.56973735793227,106.29472088961113,32.684595049873124,95.85565344407522,51.68394562327576,41.81961341864242,23.814874162282056,18.47046933259319,105.76490247841377,4.361884480091999,14.649243988084777,25.690732443191308,82.79139786507069,8.612915662259534,64.04072333361201,111.11657326561713,142.27388882044633,85.47731565070796,70.99373888499949,124.17763042943655
133.18403673171997,125.86711243839382,110.00635053709668,32.11169318175234,92.38954467252826,46.321647703934715,39.71183950473925,23.681429757321375,16.937393782555166,105.69294831059877,4.895783928682627,14.395234657382025,26.2515447790983,82.9471300736269,8.764082467319225,65.59936987335723,109.7378895218101,132.48589021085482,75.94338765884041,70.2443596270489,117.98090190064741
134.18484115600586,128.51547865671654,111.77535889762797,33.935422393360646,89.6051625421235,51.8377217103811,40.598871754152434,21.24447535284666,19.30129735796552,105.82193344244551,4.833216823467084,13.527888143799482,27.999245571610405,82.40323917755323,9.294622529675815,63.20035368082182,113.87447780936013,144.72774394499316,77.83917118466978,64.63126677746216,116.05429916949221
135.18582391738892,130.27711542087775,108.65594692033929,31.53605921816097,93.38426717056822,52.91279082973176,40.763194837197055,21.67546625318183,18.143986677785666,106.049904643358,4.699951729219012,13.536141198701184,29.06629723711173,79.05346233932322,8.924158786615047,63.70654581928511,122.01013186062214,139.14811314409306,86.29730084710455,65.8948219692439,122.21089409960678
136.18753814697266,130.1981162243901,114.44387887008288,33.104069059612264,96.80385025416273,48.46894785607606,40.7200891757061,22.73676632371204,18.35442786458751,121.52966531054574,4.280714226596393,14.704153002662304,25.772441329645584,82.1986301083343,9.440393653755473,61.003388559388036,120.83168260868045,136.17505008885976,88.12226641987716,66.320854987738,110.8030910050796
137.18856549263,130.57520823566512,112.0666340266461,31.954623453005862,95.66804957045956,48.53889705803556,39.901984352596855,22.509458063274415,17.164620257379948,108.41278224621387,4.821983654547324,13.606701500124144,29.0484879502253,72.97723954714363,9.418625041474783,66.32085953516415,112.21037345760843,138.7175392590136,76.96811691089965,70.84805994849556,127.24017248400808
138.1894292831421,123.04225539745262,118.01912797135837,33.46896573063224,89.73386872129811,46.97977976787822,40.678991542168795,23.077157533523227,17.650178838599416,114.66286034999213,4.234542786034021,14.282623886175713,28.111920425431244,71.97655247219333,8.712725559629414,64.07124654250828,110.51759511467853,132.2102588214842,82.45717708713111,73.45854297808057,126.49545876406879
139.19080924987793,131.25816968118693,115.09213375719094,31.93356217465088,98.89590666293475,47.19385732901308,40.11743052541278,21.46162169185715,18.107946299926933,108.24885480797674,4.691842192324961,13.531099854466847,28.134337197578635,78.45069169028683,9.878105419318201,67.03075929052903,116.21093375804,134.90983617416444,76.60767375105863,72.99166871922407,116.59428582895403
140.1928195953369,122.9684422396907,111.14370933205036,33.486003254879726,89.69111677702303,49.21220919784029,38.972884572503695,22.650830260150876,19.55396953345825,112.7130186709358,4.690601384522808,13.603888379443402,26.438364121698815,72.43277660019307,9.844311993106126,67.59081132727118,120.40120959759933,145.5991909595733,79.0284667896011,71.0407179675688,117.17343352223028
141.19946265220642,126.52896568821352,103.15395206211659,33.53115486838605,97.99068658318025,53.32506073927523,39.5838489024431,22.653792173865092,18.417164310893316,108.54299991970223,4.892373449409511,14.26590643242036,29.130653544017246,81.10711727124983,9.386546697632754,62.40540963713146,107.13886017363076,135.77438404017713,87.87789041698446,72.20209267945813,128.5403360647068
142.20046210289001,136.06491444396545,113.45823411593285,33.660566731758415,89.92929084184077,51.37634925516972,39.868534478731895,22.872350374754863,17.570560139037745,113.81701367321433,4.532385923846806,13.889340422513692,28.226793069430983,76.9520666631365,8.68050166728086,59.659170367803526,119.89561104468042,128.28171683614178,82.16393724079354,68.99562910687884,112.82187179264085
143.20240688323975,132.77840840381174,109.79792116135839,32.112228704080785,100.98493221354722,50.85327749413387,40.14329802874766,21.328397237606477,19.130353795163195,114.14348420721987,4.488967996523691,14.856777236452507,27.041998985476614,82.04919909190404,9.068549603825131,63.16431165331282,116.06438773481227,131.2122628729767,81.39870278653802,66.7014082536249,121.52898361797695
144.20377469062805,137.5185305772251,106.20277206619224,32.02395114388684,95.41052643182796,53.87378420792845,43.62074335319003,23.336805373356277,17.38073042237794,120.68917137297082,4.3320355576931195,14.642819540584059,26.339410669203605,82.1510818661311,9.591455960889903,65.24707762303737,109.54411148799613,139.68706492089018,78.93266345814405,70.11387847897798,115.63932554710289
145.20483136177063,135.49116724188784,107.32626812528484,33.7037808909689,95.56082836069558,53.28494998784562,43.8754264280903,23.312839963442514,17.525453998637836,109.42040084852333,4.658604200684616,13.782176111195188,29.1930803827461,73.28900741543286,9.386957122503656,69.10115862281636,108.91190821494622,137.34620888668775,87.30372524713098,72.01880569308345,120.2637310168857
